{"cameraMode":{"drawMode":0,"name":"Shaded","section":"Shading Mode"},"sceneLighting":true,"audioPlay":false,"sceneViewState":{"showFog":true,"showMaterialUpdate":false,"showSkybox":true,"showFlares":true,"showImageEffects":true,"showParticleSystems":true},"in2DMode":false,"pivot":{"x":4.900932312011719,"y":-4.893479347229004,"z":2.7905778884887697},"rotation":{"x":0.19260473549365998,"y":0.3271999955177307,"z":-0.06831415742635727,"w":0.9226022958755493},"size":18.395009994506837,"orthographic":false}