{"cameraMode":{"drawMode":0,"name":"Shaded","section":"Shading Mode"},"sceneLighting":true,"audioPlay":false,"sceneViewState":{"showFog":true,"showMaterialUpdate":false,"showSkybox":true,"showFlares":true,"showImageEffects":true,"showParticleSystems":true},"in2DMode":false,"pivot":{"x":0.05310630798339844,"y":-0.01182413101196289,"z":0.0},"rotation":{"x":-0.0445425771176815,"y":0.3858323395252228,"z":-0.01865423284471035,"w":-0.9213075637817383},"size":36.349464416503909,"orthographic":false}